Survey Years,Sex,Age Group,Race and Hispanic Origin,Measure,Percent,Standard Error,Lower 95% CI Limit,Upper 95% CI Limit,Presentation Standard,Note1,Notea
1999-2000,All,20 and over,All,Obesity,30.3,1.5,27.2,33.5,,,
1999-2000,Male,20 and over,All,Obesity,27.1,1.5,24.0,30.4,,,
1999-2000,Female,20 and over,All,Obesity,33.3,1.7,29.6,37.1,,,
1999-2000,All,20-29,All,Obesity,22.1,2.4,17.1,27.9,,,
1999-2000,All,30-39,All,Obesity,29.2,2.1,24.8,33.9,,,
1999-2000,All,40-49,All,Obesity,31.1,3.5,23.8,39.2,,,
1999-2000,All,50-59,All,Obesity,36.7,3.3,29.7,44.2,,,
1999-2000,All,60-69,All,Obesity,40.3,1.8,36.5,44.2,,,
1999-2000,All,70 and over,All,Obesity,26.1,2.7,20.6,32.3,,,
1999-2000,Male,20-29,All,Obesity,21.1,3.5,14.1,29.7,,,
1999-2000,Male,30-39,All,Obesity,26.0,1.7,21.4,31.0,,,
1999-2000,Male,40-49,All,Obesity,26.3,2.5,21.0,32.2,,,
1999-2000,Male,50-59,All,Obesity,32.2,4.8,22.2,43.5,,,
1999-2000,Male,60-69,All,Obesity,38.0,3.1,31.4,45.0,,,
1999-2000,Male,70 and over,All,Obesity,23.8,2.8,17.9,30.5,,,
1999-2000,Female,20-29,All,Obesity,23.2,3.0,17.1,30.2,,,
1999-2000,Female,30-39,All,Obesity,32.5,2.7,26.9,38.6,,,
1999-2000,Female,40-49,All,Obesity,35.4,4.6,25.6,46.1,,,
1999-2000,Female,50-59,All,Obesity,41.2,4.0,32.6,50.2,,,
1999-2000,Female,60-69,All,Obesity,42.5,3.0,36.0,49.3,,,
1999-2000,Female,70 and over,All,Obesity,27.8,2.9,21.8,34.5,,,
1999-2000,All,20 and over,Non-Hispanic White,Obesity,28.8,1.8,24.9,32.8,,,
1999-2000,All,20 and over,Non-Hispanic Black,Obesity,39.4,1.6,36.0,42.9,,,
1999-2000,All,20 and over,Non-Hispanic Asian,Obesity,,,,,,Data are only available for Non-Hispanic Asian persons from 2011-2012 onward and for Hispanic persons from 2007-2008 onward.,*
1999-2000,All,20 and over,Hispanic,Obesity,,,,,,Data are only available for Non-Hispanic Asian persons from 2011-2012 onward and for Hispanic persons from 2007-2008 onward.,*
1999-2000,All,20 and over,Mexican American,Obesity,33.2,2.6,27.6,39.2,,,
1999-2000,All,2-19,All,Obesity,13.9,0.9,12.1,15.9,,,
1999-2000,Male,2-19,All,Obesity,14.0,1.2,11.6,16.8,,,
1999-2000,Female,2-19,All,Obesity,13.8,1.1,11.5,16.4,,,
1999-2000,All,2-5,All,Obesity,10.3,1.7,7.0,14.6,,,
1999-2000,All,6-11,All,Obesity,15.1,1.4,12.2,18.3,,,
1999-2000,All,12-19,All,Obesity,14.8,0.9,12.9,16.9,,,
1999-2000,Male,2-5,All,Obesity,9.5,2.3,5.2,15.6,,,
1999-2000,Male,6-11,All,Obesity,15.8,1.8,12.2,20.1,,,
1999-2000,Male,12-19,All,Obesity,14.8,1.3,12.1,18.0,,,
1999-2000,Female,2-5,All,Obesity,11.2,2.5,6.4,17.8,,,
1999-2000,Female,6-11,All,Obesity,14.3,2.1,10.1,19.6,,,
1999-2000,Female,12-19,All,Obesity,14.8,1.0,12.5,17.2,,,
1999-2000,All,2-19,Non-Hispanic White,Obesity,11.0,1.3,8.3,14.1,,,
1999-2000,All,2-19,Non-Hispanic Black,Obesity,18.8,1.0,16.3,21.5,,,
1999-2000,All,2-19,Non-Hispanic Asian,Obesity,,,,,,Data are only available for Non-Hispanic Asian persons from 2011-2012 onward and for Hispanic persons from 2007-2008 onward.,*
1999-2000,All,2-19,Hispanic,Obesity,,,,,,Data are only available for Non-Hispanic Asian persons from 2011-2012 onward and for Hispanic persons from 2007-2008 onward.,*
1999-2000,All,2-19,Mexican American,Obesity,20.2,1.4,17.2,23.6,,,
2001-2002,All,20 and over,All,Obesity,30.5,1.1,28.2,32.9,,,
2001-2002,Male,20 and over,All,Obesity,27.7,1.0,25.6,29.9,,,
2001-2002,Female,20 and over,All,Obesity,33.2,1.5,30.1,36.5,,,
2001-2002,All,20-29,All,Obesity,25.2,1.8,21.4,29.3,,,
2001-2002,All,30-39,All,Obesity,26.9,2.0,22.8,31.4,,,
2001-2002,All,40-49,All,Obesity,33.8,1.7,30.1,37.7,,,
2001-2002,All,50-59,All,Obesity,34.0,2.1,29.5,38.7,,,
2001-2002,All,60-69,All,Obesity,40.1,2.1,35.6,44.7,,,
2001-2002,All,70 and over,All,Obesity,25.2,1.6,21.8,28.8,,,
2001-2002,Male,20-29,All,Obesity,19.9,2.0,15.8,24.6,,,
2001-2002,Male,30-39,All,Obesity,24.5,2.4,19.4,30.1,,,
2001-2002,Male,40-49,All,Obesity,32.4,3.0,26.1,39.1,,,
2001-2002,Male,50-59,All,Obesity,31.9,2.5,26.6,37.5,,,
2001-2002,Male,60-69,All,Obesity,38.5,2.5,33.1,44.1,,,
2001-2002,Male,70 and over,All,Obesity,20.4,2.5,15.3,26.4,,,
2001-2002,Female,20-29,All,Obesity,30.4,2.4,25.4,35.8,,,
2001-2002,Female,30-39,All,Obesity,29.3,2.5,24.0,35.1,,,
2001-2002,Female,40-49,All,Obesity,35.4,2.7,29.6,41.5,,,
2001-2002,Female,50-59,All,Obesity,36.2,3.1,29.7,43.1,,,
2001-2002,Female,60-69,All,Obesity,41.3,3.1,34.7,48.1,,,
2001-2002,Female,70 and over,All,Obesity,28.6,2.0,24.2,33.3,,,
2001-2002,All,20 and over,Non-Hispanic White,Obesity,30.6,1.1,28.1,33.1,,,
2001-2002,All,20 and over,Non-Hispanic Black,Obesity,38.4,1.9,34.3,42.7,,,
2001-2002,All,20 and over,Non-Hispanic Asian,Obesity,,,,,,Data are only available for Non-Hispanic Asian persons from 2011-2012 onward and for Hispanic persons from 2007-2008 onward.,*
2001-2002,All,20 and over,Hispanic,Obesity,,,,,,Data are only available for Non-Hispanic Asian persons from 2011-2012 onward and for Hispanic persons from 2007-2008 onward.,*
2001-2002,All,20 and over,Mexican American,Obesity,28.7,2.0,24.3,33.5,,,
2001-2002,All,2-19,All,Obesity,15.4,0.9,13.4,17.5,,,
2001-2002,Male,2-19,All,Obesity,16.4,1.0,14.3,18.7,,,
2001-2002,Female,2-19,All,Obesity,14.3,1.3,11.6,17.4,,,
2001-2002,All,2-5,All,Obesity,10.6,1.8,7.0,15.1,,,
2001-2002,All,6-11,All,Obesity,16.2,1.6,12.9,20.1,,,
2001-2002,All,12-19,All,Obesity,16.7,1.1,14.3,19.2,,,
2001-2002,Male,2-5,All,Obesity,10.7,2.4,6.1,16.9,,,
2001-2002,Male,6-11,All,Obesity,17.5,1.9,13.7,22.0,,,
2001-2002,Male,12-19,All,Obesity,17.6,1.3,14.9,20.6,,,
2001-2002,Female,2-5,All,Obesity,10.5,1.8,6.9,15.1,,,
2001-2002,Female,6-11,All,Obesity,14.8,2.3,10.2,20.6,,,
2001-2002,Female,12-19,All,Obesity,15.7,1.9,11.9,20.1,,,
2001-2002,All,2-19,Non-Hispanic White,Obesity,13.8,1.5,10.8,17.4,,,
2001-2002,All,2-19,Non-Hispanic Black,Obesity,17.4,1.0,15.3,19.8,,,
2001-2002,All,2-19,Non-Hispanic Asian,Obesity,,,,,,Data are only available for Non-Hispanic Asian persons from 2011-2012 onward and for Hispanic persons from 2007-2008 onward.,*
2001-2002,All,2-19,Hispanic,Obesity,,,,,,Data are only available for Non-Hispanic Asian persons from 2011-2012 onward and for Hispanic persons from 2007-2008 onward.,*
2001-2002,All,2-19,Mexican American,Obesity,19.5,1.3,16.7,22.7,,,
2003-2004,All,20 and over,All,Obesity,32.3,1.2,29.8,34.9,,,
2003-2004,Male,20 and over,All,Obesity,31.2,1.3,28.4,34.1,,,
2003-2004,Female,20 and over,All,Obesity,33.4,1.7,29.8,37.1,,,
2003-2004,All,20-29,All,Obesity,25.3,1.7,21.8,29.0,,,
2003-2004,All,30-39,All,Obesity,31.4,2.4,26.4,36.7,,,
2003-2004,All,40-49,All,Obesity,37.1,1.4,33.6,40.7,,,
2003-2004,All,50-59,All,Obesity,36.4,3.1,29.8,43.4,,,
2003-2004,All,60-69,All,Obesity,36.1,1.7,32.5,39.7,,,
2003-2004,All,70 and over,All,Obesity,26.4,1.7,22.9,30.2,,,
2003-2004,Male,20-29,All,Obesity,25.5,2.5,20.4,31.2,,,
2003-2004,Male,30-39,All,Obesity,30.5,3.7,22.9,39.0,,,
2003-2004,Male,40-49,All,Obesity,34.5,3.1,28.0,41.5,,,
2003-2004,Male,50-59,All,Obesity,35.2,3.2,28.3,42.5,,,
2003-2004,Male,60-69,All,Obesity,35.3,3.0,29.0,41.9,,,
2003-2004,Male,70 and over,All,Obesity,25.5,2.3,20.7,30.6,,,
2003-2004,Female,20-29,All,Obesity,25.0,2.1,20.4,30.1,,,
2003-2004,Female,30-39,All,Obesity,32.3,3.6,24.7,40.7,,,
2003-2004,Female,40-49,All,Obesity,39.6,3.7,31.7,48.0,,,
2003-2004,Female,50-59,All,Obesity,37.6,3.8,29.6,46.1,,,
2003-2004,Female,60-69,All,Obesity,36.8,2.5,31.5,42.3,,,
2003-2004,Female,70 and over,All,Obesity,27.1,2.5,21.9,32.9,,,
2003-2004,All,20 and over,Non-Hispanic White,Obesity,31.1,1.2,28.4,33.8,,,
2003-2004,All,20 and over,Non-Hispanic Black,Obesity,45.0,2.2,40.3,49.8,,,
2003-2004,All,20 and over,Non-Hispanic Asian,Obesity,,,,,,Data are only available for Non-Hispanic Asian persons from 2011-2012 onward and for Hispanic persons from 2007-2008 onward.,*
2003-2004,All,20 and over,Hispanic,Obesity,,,,,,Data are only available for Non-Hispanic Asian persons from 2011-2012 onward and for Hispanic persons from 2007-2008 onward.,*
2003-2004,All,20 and over,Mexican American,Obesity,36.0,2.5,30.6,41.7,,,
2003-2004,All,2-19,All,Obesity,17.1,1.3,14.5,20.0,,,
2003-2004,Male,2-19,All,Obesity,18.2,1.5,15.1,21.5,,,
2003-2004,Female,2-19,All,Obesity,16.0,1.4,13.0,19.4,,,
2003-2004,All,2-5,All,Obesity,13.9,1.6,10.7,17.7,,,
2003-2004,All,6-11,All,Obesity,18.8,1.3,16.1,21.7,,,
2003-2004,All,12-19,All,Obesity,17.4,1.7,13.9,21.3,,,
2003-2004,Male,2-5,All,Obesity,15.1,1.7,11.5,19.3,,,
2003-2004,Male,6-11,All,Obesity,19.9,2.0,15.8,24.6,,,
2003-2004,Male,12-19,All,Obesity,18.2,1.9,14.3,22.7,,,
2003-2004,Female,2-5,All,Obesity,12.7,2.5,7.8,19.1,,,
2003-2004,Female,6-11,All,Obesity,17.6,1.3,14.2,21.5,,,
2003-2004,Female,12-19,All,Obesity,16.4,2.3,11.8,21.9,,,
2003-2004,All,2-19,Non-Hispanic White,Obesity,16.4,1.8,12.6,20.7,,,
2003-2004,All,2-19,Non-Hispanic Black,Obesity,20.0,1.1,17.7,22.5,,,
2003-2004,All,2-19,Non-Hispanic Asian,Obesity,,,,,,Data are only available for Non-Hispanic Asian persons from 2011-2012 onward and for Hispanic persons from 2007-2008 onward.,*
2003-2004,All,2-19,Hispanic,Obesity,,,,,,Data are only available for Non-Hispanic Asian persons from 2011-2012 onward and for Hispanic persons from 2007-2008 onward.,*
2003-2004,All,2-19,Mexican American,Obesity,19.2,1.8,15.3,23.5,,,
2005-2006,All,20 and over,All,Obesity,34.6,1.4,31.6,37.7,,,
2005-2006,Male,20 and over,All,Obesity,33.4,2.1,29.0,38.1,,,
2005-2006,Female,20 and over,All,Obesity,35.7,1.4,32.7,38.9,,,
2005-2006,All,20-29,All,Obesity,25.2,2.7,19.5,31.6,,,
2005-2006,All,30-39,All,Obesity,32.9,2.4,27.8,38.3,,,
2005-2006,All,40-49,All,Obesity,39.0,2.3,34.1,44.0,,,
2005-2006,All,50-59,All,Obesity,42.0,2.4,36.9,47.2,,,
2005-2006,All,60-69,All,Obesity,40.4,2.5,35.0,46.1,,,
2005-2006,All,70 and over,All,Obesity,26.8,2.2,22.2,31.7,,,
2005-2006,Male,20-29,All,Obesity,25.3,4.3,16.6,35.7,,,
2005-2006,Male,30-39,All,Obesity,30.6,2.5,25.3,36.3,,,
2005-2006,Male,40-49,All,Obesity,38.1,3.5,30.7,45.9,,,
2005-2006,Male,50-59,All,Obesity,41.4,3.2,34.6,48.4,,,
2005-2006,Male,60-69,All,Obesity,37.1,3.9,28.8,46.0,,,
2005-2006,Male,70 and over,All,Obesity,26.9,2.2,22.2,32.0,,,
2005-2006,Female,20-29,All,Obesity,25.1,2.6,19.7,31.1,,,
2005-2006,Female,30-39,All,Obesity,35.3,4.0,26.9,44.5,,,
2005-2006,Female,40-49,All,Obesity,39.9,2.5,34.6,45.3,,,
2005-2006,Female,50-59,All,Obesity,42.5,3.3,35.4,49.8,,,
2005-2006,Female,60-69,All,Obesity,43.4,3.8,35.1,52.0,,,
2005-2006,Female,70 and over,All,Obesity,26.7,3.6,19.3,35.1,,,
2005-2006,All,20 and over,Non-Hispanic White,Obesity,33.7,1.6,30.3,37.2,,,
2005-2006,All,20 and over,Non-Hispanic Black,Obesity,45.4,1.9,41.4,49.5,,,
2005-2006,All,20 and over,Non-Hispanic Asian,Obesity,,,,,,Data are only available for Non-Hispanic Asian persons from 2011-2012 onward and for Hispanic persons from 2007-2008 onward.,*
2005-2006,All,20 and over,Hispanic,Obesity,,,,,,Data are only available for Non-Hispanic Asian persons from 2011-2012 onward and for Hispanic persons from 2007-2008 onward.,*
2005-2006,All,20 and over,Mexican American,Obesity,32.9,1.1,29.8,36.2,,,
2005-2006,All,2-19,All,Obesity,15.4,1.4,12.6,18.6,,,
2005-2006,Male,2-19,All,Obesity,15.9,1.5,12.8,19.5,,,
2005-2006,Female,2-19,All,Obesity,14.9,1.6,11.7,18.6,,,
2005-2006,All,2-5,All,Obesity,10.7,1.1,8.4,13.3,,,
2005-2006,All,6-11,All,Obesity,15.1,2.1,11.0,20.1,,,
2005-2006,All,12-19,All,Obesity,17.8,1.8,14.0,22.0,,,
2005-2006,Male,2-5,All,Obesity,10.4,1.7,6.9,14.7,,,
2005-2006,Male,6-11,All,Obesity,16.2,2.5,11.1,22.4,,,
2005-2006,Male,12-19,All,Obesity,18.2,2.4,13.3,24.0,,,
2005-2006,Female,2-5,All,Obesity,11.0,1.2,8.2,14.5,,,
2005-2006,Female,6-11,All,Obesity,14.1,2.4,9.4,20.0,,,
2005-2006,Female,12-19,All,Obesity,17.3,2.1,13.1,22.2,,,
2005-2006,All,2-19,Non-Hispanic White,Obesity,12.8,1.8,9.2,17.3,,,
2005-2006,All,2-19,Non-Hispanic Black,Obesity,21.3,1.5,18.0,24.8,,,
2005-2006,All,2-19,Non-Hispanic Asian,Obesity,,,,,,Data are only available for Non-Hispanic Asian persons from 2011-2012 onward and for Hispanic persons from 2007-2008 onward.,*
2005-2006,All,2-19,Hispanic,Obesity,,,,,,Data are only available for Non-Hispanic Asian persons from 2011-2012 onward and for Hispanic persons from 2007-2008 onward.,*
2005-2006,All,2-19,Mexican American,Obesity,22.5,1.8,18.7,26.7,,,
2007-2008,All,20 and over,All,Obesity,33.9,1.1,31.5,36.3,,,
2007-2008,Male,20 and over,All,Obesity,32.2,1.5,29.1,35.4,,,
2007-2008,Female,20 and over,All,Obesity,35.5,1.1,33.2,37.8,,,
2007-2008,All,20-29,All,Obesity,27.1,3.0,20.9,34.0,,,
2007-2008,All,30-39,All,Obesity,34.3,2.2,29.6,39.3,,,
2007-2008,All,40-49,All,Obesity,33.9,2.2,29.3,38.8,,,
2007-2008,All,50-59,All,Obesity,38.8,2.7,33.0,44.8,,,
2007-2008,All,60-69,All,Obesity,38.7,1.7,35.0,42.6,,,
2007-2008,All,70 and over,All,Obesity,31.3,1.8,27.5,35.3,,,
2007-2008,Male,20-29,All,Obesity,22.5,2.5,17.3,28.4,,,
2007-2008,Male,30-39,All,Obesity,32.6,2.5,27.4,38.1,,,
2007-2008,Male,40-49,All,Obesity,33.0,3.7,25.2,41.4,,,
2007-2008,Male,50-59,All,Obesity,35.6,3.2,28.8,42.9,,,
2007-2008,Male,60-69,All,Obesity,41.2,2.3,36.2,46.4,,,
2007-2008,Male,70 and over,All,Obesity,32.0,2.5,26.6,37.7,,,
2007-2008,Female,20-29,All,Obesity,31.9,4.0,23.7,41.1,,,
2007-2008,Female,30-39,All,Obesity,36.1,3.1,29.5,43.1,,,
2007-2008,Female,40-49,All,Obesity,34.9,3.2,28.0,42.2,,,
2007-2008,Female,50-59,All,Obesity,41.8,3.0,35.3,48.4,,,
2007-2008,Female,60-69,All,Obesity,36.5,2.9,30.3,43.0,,,
2007-2008,Female,70 and over,All,Obesity,30.8,2.0,26.6,35.3,,,
2007-2008,All,20 and over,Non-Hispanic White,Obesity,32.7,3.3,29.2,36.4,,,
2007-2008,All,20 and over,Non-Hispanic Black,Obesity,43.9,4.1,39.4,48.4,,,
2007-2008,All,20 and over,Non-Hispanic Asian,Obesity,,,,,,Data are only available for Non-Hispanic Asian persons from 2011-2012 onward and for Hispanic persons from 2007-2008 onward.,*
2007-2008,All,20 and over,Hispanic,Obesity,37.8,2.8,31.9,44.0,,,
2007-2008,All,20 and over,Mexican American,Obesity,39.1,3.7,31.3,47.4,,,
2007-2008,All,2-19,All,Obesity,16.8,1.3,14.2,19.8,,,
2007-2008,Male,2-19,All,Obesity,17.7,1.4,14.8,20.9,,,
2007-2008,Female,2-19,All,Obesity,15.9,1.5,12.8,19.4,,,
2007-2008,All,2-5,All,Obesity,10.1,1.2,7.7,12.9,,,
2007-2008,All,6-11,All,Obesity,19.6,1.2,17.1,22.4,,,
2007-2008,All,12-19,All,Obesity,18.1,1.7,14.6,22.0,,,
2007-2008,Male,2-5,All,Obesity,9.3,1.5,6.4,12.9,,,
2007-2008,Male,6-11,All,Obesity,21.2,1.6,17.7,25.0,,,
2007-2008,Male,12-19,All,Obesity,19.3,2.2,14.8,24.4,,,
2007-2008,Female,2-5,All,Obesity,10.9,2.1,6.8,16.2,,,
2007-2008,Female,6-11,All,Obesity,18.0,2.1,13.8,22.9,,,
2007-2008,Female,12-19,All,Obesity,16.8,2.0,12.9,21.4,,,
2007-2008,All,2-19,Non-Hispanic White,Obesity,15.3,2.0,11.2,20.1,,,
2007-2008,All,2-19,Non-Hispanic Black,Obesity,20.0,1.3,17.1,23.2,,,
2007-2008,All,2-19,Non-Hispanic Asian,Obesity,,,,,,Data are only available for Non-Hispanic Asian persons from 2011-2012 onward and for Hispanic persons from 2007-2008 onward.,*
2007-2008,All,2-19,Hispanic,Obesity,21.0,1.4,18.1,24.1,,,
2007-2008,All,2-19,Mexican American,Obesity,20.8,2.2,16.4,25.9,,,
2009-2010,All,20 and over,All,Obesity,35.9,0.9,33.9,37.9,,,
2009-2010,Male,20 and over,All,Obesity,35.5,1.7,31.9,39.3,,,
2009-2010,Female,20 and over,All,Obesity,36.3,0.9,34.3,38.3,,,
2009-2010,All,20-29,All,Obesity,26.6,2.2,22.1,31.6,,,
2009-2010,All,30-39,All,Obesity,38.9,2.0,34.7,43.2,,,
2009-2010,All,40-49,All,Obesity,35.9,1.4,33.0,39.0,,,
2009-2010,All,50-59,All,Obesity,37.3,1.5,34.1,40.5,,,
2009-2010,All,60-69,All,Obesity,44.1,2.2,39.5,48.8,,,
2009-2010,All,70 and over,All,Obesity,35.1,2.0,30.9,39.5,,,
2009-2010,Male,20-29,All,Obesity,27.1,3.0,20.9,34.1,,,
2009-2010,Male,30-39,All,Obesity,39.7,3.3,32.7,46.9,,,
2009-2010,Male,40-49,All,Obesity,38.5,2.4,33.5,43.7,,,
2009-2010,Male,50-59,All,Obesity,35.9,2.9,29.7,42.5,,,
2009-2010,Male,60-69,All,Obesity,40.8,3.1,34.3,47.7,,,
2009-2010,Male,70 and over,All,Obesity,31.3,2.1,26.8,36.1,,,
2009-2010,Female,20-29,All,Obesity,26.1,2.2,21.5,31.2,,,
2009-2010,Female,30-39,All,Obesity,38.0,2.6,32.5,43.9,,,
2009-2010,Female,40-49,All,Obesity,33.5,2.2,28.9,38.4,,,
2009-2010,Female,50-59,All,Obesity,38.6,1.9,34.1,43.4,,,
2009-2010,Female,60-69,All,Obesity,47.0,2.3,42.1,52.0,,,
2009-2010,Female,70 and over,All,Obesity,37.7,3.1,31.1,44.7,,,
2009-2010,All,20 and over,Non-Hispanic White,Obesity,34.9,2.4,32.3,37.4,,,
2009-2010,All,20 and over,Non-Hispanic Black,Obesity,49.6,4.8,44.3,54.9,,,
2009-2010,All,20 and over,Non-Hispanic Asian,Obesity,,,,,,Data are only available for Non-Hispanic Asian persons from 2011-2012 onward and for Hispanic persons from 2007-2008 onward.,*
2009-2010,All,20 and over,Hispanic,Obesity,37.9,2.0,33.5,42.4,,,
2009-2010,All,20 and over,Mexican American,Obesity,39.6,1.9,35.6,43.7,,,
2009-2010,All,2-19,All,Obesity,16.9,0.7,15.4,18.4,,,
2009-2010,Male,2-19,All,Obesity,18.6,1.1,16.4,21.1,,,
2009-2010,Female,2-19,All,Obesity,15.0,0.8,13.2,17.0,,,
2009-2010,All,2-5,All,Obesity,12.1,1.2,9.8,14.8,,,
2009-2010,All,6-11,All,Obesity,18.0,0.8,15.7,20.5,,,
2009-2010,All,12-19,All,Obesity,18.4,1.3,15.7,21.3,,,
2009-2010,Male,2-5,All,Obesity,14.4,1.8,10.8,18.7,,,
2009-2010,Male,6-11,All,Obesity,20.1,1.0,16.8,23.8,,,
2009-2010,Male,12-19,All,Obesity,19.6,2.3,14.9,25.0,,,
2009-2010,Female,2-5,All,Obesity,9.6,1.7,6.4,13.8,,,
2009-2010,Female,6-11,All,Obesity,15.7,1.0,12.7,19.2,,,
2009-2010,Female,12-19,All,Obesity,17.1,1.3,13.9,20.6,,,
2009-2010,All,2-19,Non-Hispanic White,Obesity,14.0,1.2,11.6,16.7,,,
2009-2010,All,2-19,Non-Hispanic Black,Obesity,24.3,1.9,20.3,28.6,,,
2009-2010,All,2-19,Non-Hispanic Asian,Obesity,,,,,,Data are only available for Non-Hispanic Asian persons from 2011-2012 onward and for Hispanic persons from 2007-2008 onward.,*
2009-2010,All,2-19,Hispanic,Obesity,21.2,0.8,18.9,23.7,,,
2009-2010,All,2-19,Mexican American,Obesity,21.2,1.2,18.4,24.2,,,
2011-2012,All,20 and over,All,Obesity,35.1,1.4,32.2,38.2,,,
2011-2012,Male,20 and over,All,Obesity,33.7,1.3,30.9,36.6,,,
2011-2012,Female,20 and over,All,Obesity,36.5,1.8,32.8,40.4,,,
2011-2012,All,20-29,All,Obesity,29.0,2.9,23.1,35.5,,,
2011-2012,All,30-39,All,Obesity,31.8,1.9,27.7,36.1,,,
2011-2012,All,40-49,All,Obesity,38.1,2.7,32.4,44.1,,,
2011-2012,All,50-59,All,Obesity,40.8,2.7,35.0,46.7,,,
2011-2012,All,60-69,All,Obesity,38.4,2.6,32.8,44.1,,,
2011-2012,All,70 and over,All,Obesity,32.0,2.1,27.6,36.6,,,
2011-2012,Male,20-29,All,Obesity,28.2,4.0,20.0,37.7,,,
2011-2012,Male,30-39,All,Obesity,29.7,2.6,24.4,35.5,,,
2011-2012,Male,40-49,All,Obesity,36.7,2.4,31.6,41.9,,,
2011-2012,Male,50-59,All,Obesity,42.1,2.7,36.4,47.9,,,
2011-2012,Male,60-69,All,Obesity,34.8,3.2,28.1,41.9,,,
2011-2012,Male,70 and over,All,Obesity,28.4,2.9,22.5,34.9,,,
2011-2012,Female,20-29,All,Obesity,29.9,3.2,23.2,37.3,,,
2011-2012,Female,30-39,All,Obesity,33.8,2.2,29.3,38.6,,,
2011-2012,Female,40-49,All,Obesity,39.6,3.8,31.4,48.2,,,
2011-2012,Female,50-59,All,Obesity,39.5,4.1,30.9,48.6,,,
2011-2012,Female,60-69,All,Obesity,41.7,3.1,35.1,48.5,,,
2011-2012,Female,70 and over,All,Obesity,34.5,3.9,26.4,43.4,,,
2011-2012,All,20 and over,Non-Hispanic White,Obesity,33.4,5.4,29.6,37.4,,,
2011-2012,All,20 and over,Non-Hispanic Black,Obesity,47.8,5.0,44.3,51.4,,,
2011-2012,All,20 and over,Non-Hispanic Asian,Obesity,10.9,1.4,8.1,14.3,,,
2011-2012,All,20 and over,Hispanic,Obesity,42.0,3.5,38.2,45.8,,,
2011-2012,All,20 and over,Mexican American,Obesity,45.5,2.2,40.8,50.3,,,
2011-2012,All,2-19,All,Obesity,16.9,1.0,14.8,19.2,,,
2011-2012,Male,2-19,All,Obesity,16.7,1.4,13.8,19.8,,,
2011-2012,Female,2-19,All,Obesity,17.2,1.2,14.7,19.9,,,
2011-2012,All,2-5,All,Obesity,8.4,1.3,5.8,11.7,,,
2011-2012,All,6-11,All,Obesity,17.7,1.6,14.4,21.5,,,
2011-2012,All,12-19,All,Obesity,20.5,1.7,16.9,24.4,,,
2011-2012,Male,2-5,All,Obesity,9.5,1.9,5.9,14.3,,,
2011-2012,Male,6-11,All,Obesity,16.4,1.8,12.7,20.7,,,
2011-2012,Male,12-19,All,Obesity,20.3,2.4,15.4,25.9,,,
2011-2012,Female,2-5,All,Obesity,7.2,2.1,3.4,13.0,,,
2011-2012,Female,6-11,All,Obesity,19.1,1.7,15.7,22.9,,,
2011-2012,Female,12-19,All,Obesity,20.7,2.0,16.6,25.2,,,
2011-2012,All,2-19,Non-Hispanic White,Obesity,14.1,1.7,10.6,18.2,,,
2011-2012,All,2-19,Non-Hispanic Black,Obesity,20.2,1.8,16.5,24.3,,,
2011-2012,All,2-19,Non-Hispanic Asian,Obesity,8.6,1.6,5.5,12.7,,,
2011-2012,All,2-19,Hispanic,Obesity,22.4,1.0,19.7,25.3,,,
2011-2012,All,2-19,Mexican American,Obesity,22.7,1.0,19.2,26.5,,,
2013-2014,All,20 and over,All,Obesity,37.9,0.8,36.1,39.8,,,
2013-2014,Male,20 and over,All,Obesity,35.2,1.0,33.0,37.4,,,
2013-2014,Female,20 and over,All,Obesity,40.5,1.3,37.6,43.4,,,
2013-2014,All,20-29,All,Obesity,28.4,1.8,24.5,32.5,,,
2013-2014,All,30-39,All,Obesity,40.4,1.7,36.8,44.1,,,
2013-2014,All,40-49,All,Obesity,39.7,2.4,34.6,45.0,,,
2013-2014,All,50-59,All,Obesity,42.2,2.2,37.4,47.1,,,
2013-2014,All,60-69,All,Obesity,43.2,2.3,38.3,48.3,,,
2013-2014,All,70 and over,All,Obesity,33.0,1.8,29.2,37.0,,,
2013-2014,Male,20-29,All,Obesity,24.9,2.8,19.1,31.6,,,
2013-2014,Male,30-39,All,Obesity,38.8,2.2,34.1,43.7,,,
2013-2014,Male,40-49,All,Obesity,39.4,3.3,32.3,46.8,,,
2013-2014,Male,50-59,All,Obesity,35.0,2.1,30.5,39.6,,,
2013-2014,Male,60-69,All,Obesity,42.4,4.4,33.1,52.2,,,
2013-2014,Male,70 and over,All,Obesity,31.1,3.7,23.4,39.8,,,
2013-2014,Female,20-29,All,Obesity,32.1,1.8,27.7,36.8,,,
2013-2014,Female,30-39,All,Obesity,42.0,1.8,37.5,46.5,,,
2013-2014,Female,40-49,All,Obesity,40.0,2.5,34.7,45.6,,,
2013-2014,Female,50-59,All,Obesity,49.2,3.5,41.5,57.0,,,
2013-2014,Female,60-69,All,Obesity,43.9,2.5,38.4,49.5,,,
2013-2014,Female,70 and over,All,Obesity,34.4,2.2,29.8,39.2,,,
2013-2014,All,20 and over,Non-Hispanic White,Obesity,37.1,3.2,34.8,39.4,,,
2013-2014,All,20 and over,Non-Hispanic Black,Obesity,48.5,5.9,44.2,52.8,,,
2013-2014,All,20 and over,Non-Hispanic Asian,Obesity,12.7,1.3,10.1,15.6,,,
2013-2014,All,20 and over,Hispanic,Obesity,42.7,4.3,38.0,47.4,,,
2013-2014,All,20 and over,Mexican American,Obesity,46.3,2.2,41.5,51.0,,,
2013-2014,All,2-19,All,Obesity,17.2,1.1,14.9,19.6,,,
2013-2014,Male,2-19,All,Obesity,17.2,1.3,14.6,20.1,,,
2013-2014,Female,2-19,All,Obesity,17.1,1.6,13.8,20.8,,,
2013-2014,All,2-5,All,Obesity,9.4,1.3,6.8,12.6,,,
2013-2014,All,6-11,All,Obesity,17.4,1.7,13.8,21.4,,,
2013-2014,All,12-19,All,Obesity,20.6,2.1,16.2,25.6,,,
2013-2014,Male,2-5,All,Obesity,8.8,2.0,4.9,14.2,,,
2013-2014,Male,6-11,All,Obesity,18.8,2.4,13.8,24.6,,,
2013-2014,Male,12-19,All,Obesity,19.8,2.2,15.3,25.0,,,
2013-2014,Female,2-5,All,Obesity,10.0,1.3,7.1,13.7,,,
2013-2014,Female,6-11,All,Obesity,15.9,1.9,12.0,20.4,,,
2013-2014,Female,12-19,All,Obesity,21.4,3.2,14.9,29.3,,,
2013-2014,All,2-19,Non-Hispanic White,Obesity,15.3,1.7,11.8,19.3,,,
2013-2014,All,2-19,Non-Hispanic Black,Obesity,18.8,1.6,15.6,22.4,,,
2013-2014,All,2-19,Non-Hispanic Asian,Obesity,8.6,1.6,5.5,12.7,,,
2013-2014,All,2-19,Hispanic,Obesity,21.3,1.6,18.0,25.0,,,
2013-2014,All,2-19,Mexican American,Obesity,21.8,2.0,17.6,26.6,,,
2015-2016,All,20 and over,All,Obesity,39.8,1.6,36.4,43.2,,,
2015-2016,Male,20 and over,All,Obesity,38.0,2.2,33.3,42.8,,,
2015-2016,Female,20 and over,All,Obesity,41.5,1.5,38.2,44.8,,,
2015-2016,All,20-29,All,Obesity,30.9,2.6,25.5,36.8,,,
2015-2016,All,30-39,All,Obesity,40.6,1.8,36.8,44.5,,,
2015-2016,All,40-49,All,Obesity,42.4,3.1,35.7,49.3,,,
2015-2016,All,50-59,All,Obesity,43.2,3.3,36.0,50.6,,,
2015-2016,All,60-69,All,Obesity,45.3,3.4,38.0,52.7,,,
2015-2016,All,70 and over,All,Obesity,36.1,2.4,30.9,41.5,,,
2015-2016,Male,20-29,All,Obesity,28.7,3.6,21.2,37.1,,,
2015-2016,Male,30-39,All,Obesity,41.4,3.0,34.9,48.1,,,
2015-2016,Male,40-49,All,Obesity,41.5,4.1,32.8,50.7,,,
2015-2016,Male,50-59,All,Obesity,40.1,3.3,33.0,47.4,,,
2015-2016,Male,60-69,All,Obesity,42.0,3.2,35.1,49.1,,,
2015-2016,Male,70 and over,All,Obesity,34.0,3.7,26.2,42.5,,,
2015-2016,Female,20-29,All,Obesity,33.3,2.5,28.0,39.0,,,
2015-2016,Female,30-39,All,Obesity,39.7,2.0,35.2,44.4,,,
2015-2016,Female,40-49,All,Obesity,43.3,3.3,36.1,50.7,,,
2015-2016,Female,50-59,All,Obesity,46.1,4.6,36.2,56.4,,,
2015-2016,Female,60-69,All,Obesity,48.3,5.0,37.2,59.5,,,
2015-2016,Female,70 and over,All,Obesity,37.7,2.5,32.4,43.2,,,
2015-2016,All,20 and over,Non-Hispanic White,Obesity,38.7,5.0,35.1,42.3,,,
2015-2016,All,20 and over,Non-Hispanic Black,Obesity,46.8,6.8,41.9,51.8,,,
2015-2016,All,20 and over,Non-Hispanic Asian,Obesity,12.7,1.2,10.3,15.6,,,
2015-2016,All,20 and over,Hispanic,Obesity,46.8,4.2,42.3,51.3,,,
2015-2016,All,20 and over,Mexican American,Obesity,49.2,1.8,45.2,53.3,,,
2015-2016,All,2-19,All,Obesity,18.5,1.3,15.8,21.3,,,
2015-2016,Male,2-19,All,Obesity,19.1,1.7,15.6,23.0,,,
2015-2016,Female,2-19,All,Obesity,17.8,1.2,15.3,20.6,,,
2015-2016,All,2-5,All,Obesity,13.9,1.1,11.4,16.7,,,
2015-2016,All,6-11,All,Obesity,18.4,1.7,14.9,22.3,,,
2015-2016,All,12-19,All,Obesity,20.6,2.0,16.4,25.2,,,
2015-2016,Male,2-5,All,Obesity,14.3,1.2,10.8,18.4,,,
2015-2016,Male,6-11,All,Obesity,20.4,2.1,16.0,25.4,,,
2015-2016,Male,12-19,All,Obesity,20.2,2.6,14.9,26.4,,,
2015-2016,Female,2-5,All,Obesity,13.5,1.7,10.1,17.6,,,
2015-2016,Female,6-11,All,Obesity,16.3,1.8,12.6,20.7,,,
2015-2016,Female,12-19,All,Obesity,20.9,2.0,16.7,25.6,,,
2015-2016,All,2-19,Non-Hispanic White,Obesity,14.1,1.1,11.7,16.7,,,
2015-2016,All,2-19,Non-Hispanic Black,Obesity,22.0,2.7,16.2,28.7,,,
2015-2016,All,2-19,Non-Hispanic Asian,Obesity,11.0,1.8,7.2,15.7,,,
2015-2016,All,2-19,Hispanic,Obesity,25.8,1.5,22.6,29.3,,,
2015-2016,All,2-19,Mexican American,Obesity,26.8,1.4,23.3,30.5,,,
2017-2018,All,20 and over,All,Obesity,42.5,1.8,38.7,46.4,,,
2017-2018,Male,20 and over,All,Obesity,43.0,2.6,37.3,48.8,,,
2017-2018,Female,20 and over,All,Obesity,42.1,2.0,37.7,46.5,,,
2017-2018,All,20-29,All,Obesity,36.5,4.1,27.8,45.9,,,
2017-2018,All,30-39,All,Obesity,43.7,2.4,38.5,49.0,,,
2017-2018,All,40-49,All,Obesity,45.0,2.6,39.4,50.6,,,
2017-2018,All,50-59,All,Obesity,44.7,2.3,39.7,49.8,,,
2017-2018,All,60-69,All,Obesity,44.8,3.6,37.1,52.7,,,
2017-2018,All,70 and over,All,Obesity,40.4,2.7,34.6,46.4,,,
2017-2018,Male,20-29,All,Obesity,36.0,5.6,24.3,49.0,,,
2017-2018,Male,30-39,All,Obesity,44.8,4.3,35.4,54.5,,,
2017-2018,Male,40-49,All,Obesity,46.7,4.3,37.3,56.4,,,
2017-2018,Male,50-59,All,Obesity,46.2,3.7,38.1,54.4,,,
2017-2018,Male,60-69,All,Obesity,45.0,4.6,35.0,55.2,,,
2017-2018,Male,70 and over,All,Obesity,38.7,2.8,32.7,45.0,,,
2017-2018,Female,20-29,All,Obesity,37.0,4.6,27.4,47.5,,,
2017-2018,Female,30-39,All,Obesity,42.5,2.4,37.4,47.7,,,
2017-2018,Female,40-49,All,Obesity,43.2,3.3,36.1,50.6,,,
2017-2018,Female,50-59,All,Obesity,43.3,3.3,36.1,50.7,,,
2017-2018,Female,60-69,All,Obesity,44.7,5.3,33.1,56.7,,,
2017-2018,Female,70 and over,All,Obesity,41.7,3.2,34.9,48.8,,,
2017-2018,All,20 and over,Non-Hispanic White,Obesity,42.7,7.5,37.3,48.3,,,
2017-2018,All,20 and over,Non-Hispanic Black,Obesity,49.4,4.3,46.3,52.5,,,
2017-2018,All,20 and over,Non-Hispanic Asian,Obesity,17.5,1.3,14.7,20.5,,,
2017-2018,All,20 and over,Hispanic,Obesity,44.8,3.5,41.1,48.6,,,
2017-2018,All,20 and over,Mexican American,Obesity,51.1,2.3,45.9,56.3,,,
2017-2018,All,2-19,All,Obesity,19.3,1.0,17.2,21.5,,,
2017-2018,Male,2-19,All,Obesity,20.5,1.1,18.2,22.9,,,
2017-2018,Female,2-19,All,Obesity,18.0,1.4,15.0,21.4,,,
2017-2018,All,2-5,All,Obesity,13.4,1.3,10.8,16.5,,,
2017-2018,All,6-11,All,Obesity,20.3,1.8,16.6,24.3,,,
2017-2018,All,12-19,All,Obesity,21.2,1.3,18.5,24.1,,,
2017-2018,Male,2-5,All,Obesity,14.7,1.8,10.8,19.4,,,
2017-2018,Male,6-11,All,Obesity,21.3,2.3,16.6,26.7,,,
2017-2018,Male,12-19,All,Obesity,22.5,1.3,18.8,26.5,,,
2017-2018,Female,2-5,All,Obesity,12.2,1.4,8.7,16.5,,,
2017-2018,Female,6-11,All,Obesity,19.2,2.1,14.9,24.0,,,
2017-2018,Female,12-19,All,Obesity,19.9,2.2,15.5,25.0,,,
2017-2018,All,2-19,Non-Hispanic White,Obesity,16.1,1.5,13.1,19.6,,,
2017-2018,All,2-19,Non-Hispanic Black,Obesity,24.2,2.0,20.0,28.8,,,
2017-2018,All,2-19,Non-Hispanic Asian,Obesity,8.7,1.1,5.5,12.9,,,
2017-2018,All,2-19,Hispanic,Obesity,25.6,1.9,21.6,30.0,,,
2017-2018,All,2-19,Mexican American,Obesity,26.9,2.5,21.8,32.6,,,
1999-2000,All,20 and over,All,High Total Cholesterol,17.7,1.0,15.6,20.0,,,
1999-2000,Male,20 and over,All,High Total Cholesterol,16.7,1.0,14.6,19.1,,,
1999-2000,Female,20 and over,All,High Total Cholesterol,18.7,1.4,15.8,21.8,,,
1999-2000,All,20-29,All,High Total Cholesterol,8.6,1.1,6.3,11.3,,,
1999-2000,All,30-39,All,High Total Cholesterol,13.0,2.1,8.7,18.3,,,
1999-2000,All,40-49,All,High Total Cholesterol,23.1,2.7,17.6,29.5,,,
1999-2000,All,50-59,All,High Total Cholesterol,22.0,2.5,16.8,28.0,,,
1999-2000,All,60-69,All,High Total Cholesterol,23.9,1.7,20.4,27.7,,,
1999-2000,All,70 and over,All,High Total Cholesterol,23.7,1.1,20.7,26.8,,,
1999-2000,Male,20-29,All,High Total Cholesterol,9.7,1.8,6.2,14.4,,,
1999-2000,Male,30-39,All,High Total Cholesterol,12.6,1.8,9.0,17.1,,,
1999-2000,Male,40-49,All,High Total Cholesterol,28.5,3.9,20.3,37.9,,,
1999-2000,Male,50-59,All,High Total Cholesterol,19.8,3.0,13.7,27.1,,,
1999-2000,Male,60-69,All,High Total Cholesterol,16.4,2.2,12.0,21.7,,,
1999-2000,Male,70 and over,All,High Total Cholesterol,13.4,2.4,8.7,19.5,,,
1999-2000,Female,20-29,All,High Total Cholesterol,7.4,1.5,4.5,11.4,,,
1999-2000,Female,30-39,All,High Total Cholesterol,13.3,3.7,6.4,23.5,,,
1999-2000,Female,40-49,All,High Total Cholesterol,18.3,3.3,11.6,26.6,,,
1999-2000,Female,50-59,All,High Total Cholesterol,24.2,4.0,15.9,34.1,,,
1999-2000,Female,60-69,All,High Total Cholesterol,31.2,2.6,25.7,37.1,,,
1999-2000,Female,70 and over,All,High Total Cholesterol,30.6,1.8,26.0,35.4,,,
1999-2000,All,20 and over,Non-Hispanic White,High Total Cholesterol,19.0,1.1,16.6,21.5,,,
1999-2000,All,20 and over,Non-Hispanic Black,High Total Cholesterol,13.2,1.1,10.9,15.9,,,
1999-2000,All,20 and over,Non-Hispanic Asian,High Total Cholesterol,,,,,,Data are only available for Non-Hispanic Asian persons from 2011-2012 onward and for Hispanic persons from 2007-2008 onward.,*
1999-2000,All,20 and over,Hispanic,High Total Cholesterol,,,,,,Data are only available for Non-Hispanic Asian persons from 2011-2012 onward and for Hispanic persons from 2007-2008 onward.,*
1999-2000,All,20 and over,Mexican American,High Total Cholesterol,13.1,1.3,10.5,16.1,,,
2001-2002,All,20 and over,All,High Total Cholesterol,16.4,0.8,14.6,18.3,,,
2001-2002,Male,20 and over,All,High Total Cholesterol,16.3,1.3,13.5,19.3,,,
2001-2002,Female,20 and over,All,High Total Cholesterol,16.5,0.8,14.7,18.4,,,
2001-2002,All,20-29,All,High Total Cholesterol,7.9,0.9,6.0,10.1,,,
2001-2002,All,30-39,All,High Total Cholesterol,12.5,1.2,10.1,15.4,,,
2001-2002,All,40-49,All,High Total Cholesterol,17.3,1.8,13.7,21.4,,,
2001-2002,All,50-59,All,High Total Cholesterol,24.7,1.9,20.8,28.9,,,
2001-2002,All,60-69,All,High Total Cholesterol,23.0,1.4,19.8,26.5,,,
2001-2002,All,70 and over,All,High Total Cholesterol,18.9,1.7,15.4,22.8,,,
2001-2002,Male,20-29,All,High Total Cholesterol,7.8,1.4,5.1,11.2,,,
2001-2002,Male,30-39,All,High Total Cholesterol,16.9,2.3,12.2,22.4,,,
2001-2002,Male,40-49,All,High Total Cholesterol,18.7,3.0,12.8,26.0,,,
2001-2002,Male,50-59,All,High Total Cholesterol,26.2,2.9,20.2,32.9,,,
2001-2002,Male,60-69,All,High Total Cholesterol,15.8,1.6,12.0,20.4,,,
2001-2002,Male,70 and over,All,High Total Cholesterol,7.9,1.5,5.0,11.6,,,
2001-2002,Female,20-29,All,High Total Cholesterol,8.0,1.2,5.6,11.0,,,
2001-2002,Female,30-39,All,High Total Cholesterol,8.7,1.4,5.9,12.2,,,
2001-2002,Female,40-49,All,High Total Cholesterol,15.8,1.8,12.1,20.1,,,
2001-2002,Female,50-59,All,High Total Cholesterol,23.1,2.3,18.3,28.6,,,
2001-2002,Female,60-69,All,High Total Cholesterol,28.7,2.1,23.9,33.9,,,
2001-2002,Female,70 and over,All,High Total Cholesterol,26.7,2.3,22.0,31.9,,,
2001-2002,All,20 and over,Non-Hispanic White,High Total Cholesterol,16.7,1.2,14.2,19.5,,,
2001-2002,All,20 and over,Non-Hispanic Black,High Total Cholesterol,14.5,1.7,11.0,18.7,,,
2001-2002,All,20 and over,Non-Hispanic Asian,High Total Cholesterol,,,,,,Data are only available for Non-Hispanic Asian persons from 2011-2012 onward and for Hispanic persons from 2007-2008 onward.,*
2001-2002,All,20 and over,Hispanic,High Total Cholesterol,,,,,,Data are only available for Non-Hispanic Asian persons from 2011-2012 onward and for Hispanic persons from 2007-2008 onward.,*
2001-2002,All,20 and over,Mexican American,High Total Cholesterol,12.5,1.2,9.9,15.5,,,
2003-2004,All,20 and over,All,High Total Cholesterol,17.0,0.6,15.6,18.4,,,
2003-2004,Male,20 and over,All,High Total Cholesterol,16.5,0.7,14.9,18.1,,,
2003-2004,Female,20 and over,All,High Total Cholesterol,17.4,1.2,14.9,20.2,,,
2003-2004,All,20-29,All,High Total Cholesterol,7.5,1.2,5.1,10.4,,,
2003-2004,All,30-39,All,High Total Cholesterol,14.0,1.3,11.4,17.0,,,
2003-2004,All,40-49,All,High Total Cholesterol,20.4,1.4,17.5,23.6,,,
2003-2004,All,50-59,All,High Total Cholesterol,22.5,2.6,17.2,28.5,,,
2003-2004,All,60-69,All,High Total Cholesterol,23.7,1.8,20.1,27.7,,,
2003-2004,All,70 and over,All,High Total Cholesterol,16.2,0.8,13.9,18.7,,,
2003-2004,Male,20-29,All,High Total Cholesterol,6.4,1.2,4.2,9.4,,,
2003-2004,Male,30-39,All,High Total Cholesterol,16.5,2.9,10.7,23.8,,,
2003-2004,Male,40-49,All,High Total Cholesterol,27.7,2.1,23.1,32.7,,,
2003-2004,Male,50-59,All,High Total Cholesterol,17.8,2.0,13.5,22.9,,,
2003-2004,Male,60-69,All,High Total Cholesterol,16.9,2.6,11.6,23.3,,,
2003-2004,Male,70 and over,All,High Total Cholesterol,8.9,1.2,6.5,11.9,,,
2003-2004,Female,20-29,All,High Total Cholesterol,8.6,2.0,4.7,14.0,,,
2003-2004,Female,30-39,All,High Total Cholesterol,11.5,1.8,8.0,16.0,,,
2003-2004,Female,40-49,All,High Total Cholesterol,13.6,1.2,10.3,17.6,,,
2003-2004,Female,50-59,All,High Total Cholesterol,27.1,4.0,18.8,36.7,,,
2003-2004,Female,60-69,All,High Total Cholesterol,29.8,2.7,24.0,36.0,,,
2003-2004,Female,70 and over,All,High Total Cholesterol,21.4,1.8,17.7,25.4,,,
2003-2004,All,20 and over,Non-Hispanic White,High Total Cholesterol,17.9,0.8,16.3,19.6,,,
2003-2004,All,20 and over,Non-Hispanic Black,High Total Cholesterol,12.9,1.2,10.4,15.6,,,
2003-2004,All,20 and over,Non-Hispanic Asian,High Total Cholesterol,,,,,,Data are only available for Non-Hispanic Asian persons from 2011-2012 onward and for Hispanic persons from 2007-2008 onward.,*
2003-2004,All,20 and over,Hispanic,High Total Cholesterol,,,,,,Data are only available for Non-Hispanic Asian persons from 2011-2012 onward and for Hispanic persons from 2007-2008 onward.,*
2003-2004,All,20 and over,Mexican American,High Total Cholesterol,13.5,0.9,11.4,15.9,,,
2005-2006,All,20 and over,All,High Total Cholesterol,15.9,0.8,14.3,17.6,,,
2005-2006,Male,20 and over,All,High Total Cholesterol,14.0,1.0,11.9,16.3,,,
2005-2006,Female,20 and over,All,High Total Cholesterol,17.6,0.8,16.0,19.3,,,
2005-2006,All,20-29,All,High Total Cholesterol,8.0,1.5,5.1,11.8,,,
2005-2006,All,30-39,All,High Total Cholesterol,15.3,2.0,11.3,20.1,,,
2005-2006,All,40-49,All,High Total Cholesterol,16.3,1.8,12.6,20.7,,,
2005-2006,All,50-59,All,High Total Cholesterol,22.3,2.2,17.7,27.4,,,
2005-2006,All,60-69,All,High Total Cholesterol,20.0,2.3,15.3,25.4,,,
2005-2006,All,70 and over,All,High Total Cholesterol,14.5,2.0,10.5,19.3,,,
2005-2006,Male,20-29,All,High Total Cholesterol,7.5,2.0,3.8,13.1,,,
2005-2006,Male,30-39,All,High Total Cholesterol,14.1,2.6,9.0,20.6,,,
2005-2006,Male,40-49,All,High Total Cholesterol,19.0,2.2,14.6,24.2,,,
2005-2006,Male,50-59,All,High Total Cholesterol,19.5,2.9,13.6,26.6,,,
2005-2006,Male,60-69,All,High Total Cholesterol,11.4,2.4,6.7,17.6,,,
2005-2006,Male,70 and over,All,High Total Cholesterol,8.5,1.6,5.4,12.6,,,
2005-2006,Female,20-29,All,High Total Cholesterol,8.5,1.6,5.3,12.6,,,
2005-2006,Female,30-39,All,High Total Cholesterol,16.5,2.9,10.8,23.5,,,
2005-2006,Female,40-49,All,High Total Cholesterol,13.7,2.1,9.5,18.9,,,
2005-2006,Female,50-59,All,High Total Cholesterol,24.9,3.3,18.1,32.7,,,
2005-2006,Female,60-69,All,High Total Cholesterol,28.0,3.4,20.9,36.1,,,
2005-2006,Female,70 and over,All,High Total Cholesterol,18.9,2.3,14.1,24.4,,,
2005-2006,All,20 and over,Non-Hispanic White,High Total Cholesterol,16.8,1.0,14.6,19.1,,,
2005-2006,All,20 and over,Non-Hispanic Black,High Total Cholesterol,10.7,0.7,8.8,12.8,,,
2005-2006,All,20 and over,Non-Hispanic Asian,High Total Cholesterol,,,,,,Data are only available for Non-Hispanic Asian persons from 2011-2012 onward and for Hispanic persons from 2007-2008 onward.,*
2005-2006,All,20 and over,Hispanic,High Total Cholesterol,,,,,,Data are only available for Non-Hispanic Asian persons from 2011-2012 onward and for Hispanic persons from 2007-2008 onward.,*
2005-2006,All,20 and over,Mexican American,High Total Cholesterol,14.9,1.4,11.9,18.3,,,
2007-2008,All,20 and over,All,High Total Cholesterol,14.6,0.8,12.9,16.4,,,
2007-2008,Male,20 and over,All,High Total Cholesterol,13.6,1.0,11.5,15.9,,,
2007-2008,Female,20 and over,All,High Total Cholesterol,15.5,1.1,13.3,18.0,,,
2007-2008,All,20-29,All,High Total Cholesterol,6.5,0.9,4.7,8.8,,,
2007-2008,All,30-39,All,High Total Cholesterol,11.2,1.4,8.3,14.6,,,
2007-2008,All,40-49,All,High Total Cholesterol,17.4,1.5,14.4,20.9,,,
2007-2008,All,50-59,All,High Total Cholesterol,20.8,2.1,16.5,25.7,,,
2007-2008,All,60-69,All,High Total Cholesterol,15.9,1.9,12.1,20.3,,,
2007-2008,All,70 and over,All,High Total Cholesterol,16.3,1.6,13.0,20.0,,,
2007-2008,Male,20-29,All,High Total Cholesterol,7.7,1.4,5.0,11.1,,,
2007-2008,Male,30-39,All,High Total Cholesterol,13.0,2.1,8.9,18.1,,,
2007-2008,Male,40-49,All,High Total Cholesterol,17.4,2.5,12.4,23.4,,,
2007-2008,Male,50-59,All,High Total Cholesterol,21.8,2.3,17.1,27.2,,,
2007-2008,Male,60-69,All,High Total Cholesterol,9.7,1.2,7.2,12.9,,,
2007-2008,Male,70 and over,All,High Total Cholesterol,6.6,1.2,4.2,9.8,,,
2007-2008,Female,20-29,All,High Total Cholesterol,5.3,1.5,2.6,9.5,Estimate does not meet National Center for Health Statistics standards of reliability,,
2007-2008,Female,30-39,All,High Total Cholesterol,9.4,1.5,6.5,13.2,,,
2007-2008,Female,40-49,All,High Total Cholesterol,17.5,1.9,13.6,21.9,,,
2007-2008,Female,50-59,All,High Total Cholesterol,19.8,3.1,13.5,27.3,,,
2007-2008,Female,60-69,All,High Total Cholesterol,21.5,3.3,14.8,29.5,,,
2007-2008,Female,70 and over,All,High Total Cholesterol,23.2,2.4,18.3,28.8,,,
2007-2008,All,20 and over,Non-Hispanic White,High Total Cholesterol,15.2,2.1,13.0,17.5,,,
2007-2008,All,20 and over,Non-Hispanic Black,High Total Cholesterol,12.1,2.9,9.2,15.6,,,
2007-2008,All,20 and over,Non-Hispanic Asian,High Total Cholesterol,,,,,,Data are only available for Non-Hispanic Asian persons from 2011-2012 onward and for Hispanic persons from 2007-2008 onward.,*
2007-2008,All,20 and over,Hispanic,High Total Cholesterol,13.2,1.0,11.1,15.6,,,
2007-2008,All,20 and over,Mexican American,High Total Cholesterol,13.9,1.3,11.2,16.9,,,
2009-2010,All,20 and over,All,High Total Cholesterol,13.6,0.7,12.2,15.1,,,
2009-2010,Male,20 and over,All,High Total Cholesterol,12.3,0.9,10.5,14.3,,,
2009-2010,Female,20 and over,All,High Total Cholesterol,14.8,0.7,13.3,16.5,,,
2009-2010,All,20-29,All,High Total Cholesterol,5.0,1.1,3.0,7.8,,,
2009-2010,All,30-39,All,High Total Cholesterol,11.0,1.1,8.8,13.5,,,
2009-2010,All,40-49,All,High Total Cholesterol,15.8,1.0,13.7,18.2,,,
2009-2010,All,50-59,All,High Total Cholesterol,20.1,1.7,16.5,24.0,,,
2009-2010,All,60-69,All,High Total Cholesterol,18.1,1.8,14.4,22.3,,,
2009-2010,All,70 and over,All,High Total Cholesterol,12.8,1.2,10.4,15.5,,,
2009-2010,Male,20-29,All,High Total Cholesterol,5.5,1.3,3.1,8.9,,,
2009-2010,Male,30-39,All,High Total Cholesterol,13.4,1.6,10.1,17.2,,,
2009-2010,Male,40-49,All,High Total Cholesterol,17.3,1.9,13.5,21.6,,,
2009-2010,Male,50-59,All,High Total Cholesterol,16.0,2.5,11.1,22.0,,,
2009-2010,Male,60-69,All,High Total Cholesterol,12.4,2.1,8.2,17.6,,,
2009-2010,Male,70 and over,All,High Total Cholesterol,6.8,1.5,4.0,10.9,,,
2009-2010,Female,20-29,All,High Total Cholesterol,4.5,1.4,2.0,8.4,Estimate does not meet National Center for Health Statistics standards of reliability,,
2009-2010,Female,30-39,All,High Total Cholesterol,8.7,1.2,6.4,11.5,,,
2009-2010,Female,40-49,All,High Total Cholesterol,14.4,1.6,11.2,18.3,,,
2009-2010,Female,50-59,All,High Total Cholesterol,24.2,2.1,19.9,28.9,,,
2009-2010,Female,60-69,All,High Total Cholesterol,23.3,2.8,17.6,29.8,,,
2009-2010,Female,70 and over,All,High Total Cholesterol,17.1,1.5,13.9,20.7,,,
2009-2010,All,20 and over,Non-Hispanic White,High Total Cholesterol,14.3,1.5,12.7,15.9,,,
2009-2010,All,20 and over,Non-Hispanic Black,High Total Cholesterol,10.1,2.6,7.5,13.2,,,
2009-2010,All,20 and over,Non-Hispanic Asian,High Total Cholesterol,,,,,,Data are only available for Non-Hispanic Asian persons from 2011-2012 onward and for Hispanic persons from 2007-2008 onward.,*
2009-2010,All,20 and over,Hispanic,High Total Cholesterol,13.7,0.7,12.1,15.5,,,
2009-2010,All,20 and over,Mexican American,High Total Cholesterol,13.3,0.9,11.3,15.6,,,
2011-2012,All,20 and over,All,High Total Cholesterol,13.1,0.8,11.5,14.9,,,
2011-2012,Male,20 and over,All,High Total Cholesterol,11.2,0.8,9.5,13.1,,,
2011-2012,Female,20 and over,All,High Total Cholesterol,14.9,1.1,12.8,17.3,,,
2011-2012,All,20-29,All,High Total Cholesterol,5.2,1.1,3.1,8.1,,,
2011-2012,All,30-39,All,High Total Cholesterol,9.8,0.9,7.9,11.9,,,
2011-2012,All,40-49,All,High Total Cholesterol,13.3,1.7,9.9,17.3,,,
2011-2012,All,50-59,All,High Total Cholesterol,23.1,2.4,18.2,28.6,,,
2011-2012,All,60-69,All,High Total Cholesterol,15.7,2.0,11.7,20.3,,,
2011-2012,All,70 and over,All,High Total Cholesterol,11.3,1.8,7.7,15.9,,,
2011-2012,Male,20-29,All,High Total Cholesterol,4.7,1.5,2.1,8.9,Estimate does not meet National Center for Health Statistics standards of reliability,,
2011-2012,Male,30-39,All,High Total Cholesterol,10.9,1.7,7.5,15.1,,,
2011-2012,Male,40-49,All,High Total Cholesterol,15.9,1.9,12.1,20.3,,,
2011-2012,Male,50-59,All,High Total Cholesterol,18.7,2.2,14.3,23.7,,,
2011-2012,Male,60-69,All,High Total Cholesterol,7.0,1.9,3.6,12.0,,,
2011-2012,Male,70 and over,All,High Total Cholesterol,6.7,1.8,3.4,11.5,,,
2011-2012,Female,20-29,All,High Total Cholesterol,5.7,1.6,2.8,10.1,,,
2011-2012,Female,30-39,All,High Total Cholesterol,8.7,1.2,6.2,11.8,,,
2011-2012,Female,40-49,All,High Total Cholesterol,10.9,1.9,7.2,15.6,,,
2011-2012,Female,50-59,All,High Total Cholesterol,27.4,3.3,20.5,35.1,,,
2011-2012,Female,60-69,All,High Total Cholesterol,23.8,3.7,16.3,32.6,,,
2011-2012,Female,70 and over,All,High Total Cholesterol,14.8,2.3,10.4,20.3,,,
2011-2012,All,20 and over,Non-Hispanic White,High Total Cholesterol,14.1,3.2,11.9,16.6,,,
2011-2012,All,20 and over,Non-Hispanic Black,High Total Cholesterol,9.6,2.1,8.0,11.4,,,
2011-2012,All,20 and over,Non-Hispanic Asian,High Total Cholesterol,10.1,1.3,7.5,13.1,,,
2011-2012,All,20 and over,Hispanic,High Total Cholesterol,12.7,3.2,9.6,16.5,,,
2011-2012,All,20 and over,Mexican American,High Total Cholesterol,10.5,1.8,7.1,15.0,,,
2013-2014,All,20 and over,All,High Total Cholesterol,11.1,0.5,10.1,12.2,,,
2013-2014,Male,20 and over,All,High Total Cholesterol,10.1,0.6,8.9,11.4,,,
2013-2014,Female,20 and over,All,High Total Cholesterol,12.1,0.8,10.5,13.9,,,
2013-2014,All,20-29,All,High Total Cholesterol,3.9,1.0,2.0,6.8,,,
2013-2014,All,30-39,All,High Total Cholesterol,11.5,1.3,8.8,14.6,,,
2013-2014,All,40-49,All,High Total Cholesterol,15.0,0.8,12.8,17.5,,,
2013-2014,All,50-59,All,High Total Cholesterol,12.6,1.8,9.1,17.0,,,
2013-2014,All,60-69,All,High Total Cholesterol,12.7,1.6,9.4,16.6,,,
2013-2014,All,70 and over,All,High Total Cholesterol,11.8,1.1,9.6,14.3,,,
2013-2014,Male,20-29,All,High Total Cholesterol,3.0,0.9,1.4,5.5,,,
2013-2014,Male,30-39,All,High Total Cholesterol,14.9,1.6,11.6,18.7,,,
2013-2014,Male,40-49,All,High Total Cholesterol,17.5,1.6,14.1,21.4,,,
2013-2014,Male,50-59,All,High Total Cholesterol,9.0,1.6,5.8,13.1,,,
2013-2014,Male,60-69,All,High Total Cholesterol,10.3,1.8,6.7,14.9,,,
2013-2014,Male,70 and over,All,High Total Cholesterol,4.2,1.0,2.3,6.8,,,
2013-2014,Female,20-29,All,High Total Cholesterol,4.9,1.4,2.3,8.8,Estimate does not meet National Center for Health Statistics standards of reliability,,
2013-2014,Female,30-39,All,High Total Cholesterol,8.2,1.4,5.5,11.7,,,
2013-2014,Female,40-49,All,High Total Cholesterol,12.7,1.5,9.7,16.3,,,
2013-2014,Female,50-59,All,High Total Cholesterol,16.2,2.9,10.4,23.5,,,
2013-2014,Female,60-69,All,High Total Cholesterol,14.8,1.9,10.9,19.5,,,
2013-2014,Female,70 and over,All,High Total Cholesterol,17.5,1.7,14.0,21.4,,,
2013-2014,All,20 and over,Non-Hispanic White,High Total Cholesterol,11.7,2.3,10.1,13.4,,,
2013-2014,All,20 and over,Non-Hispanic Black,High Total Cholesterol,7.6,1.7,6.0,9.3,,,
2013-2014,All,20 and over,Non-Hispanic Asian,High Total Cholesterol,11.6,1.3,8.9,14.8,,,
2013-2014,All,20 and over,Hispanic,High Total Cholesterol,11.6,2.1,9.5,14.0,,,
2013-2014,All,20 and over,Mexican American,High Total Cholesterol,10.7,1.3,8.0,13.8,,,
2015-2016,All,20 and over,All,High Total Cholesterol,12.5,0.9,10.7,14.5,,,
2015-2016,Male,20 and over,All,High Total Cholesterol,11.2,1.0,9.3,13.5,,,
2015-2016,Female,20 and over,All,High Total Cholesterol,13.7,1.2,11.2,16.5,,,
2015-2016,All,20-29,All,High Total Cholesterol,5.1,0.9,3.4,7.3,,,
2015-2016,All,30-39,All,High Total Cholesterol,10.8,1.3,8.2,13.8,,,
2015-2016,All,40-49,All,High Total Cholesterol,13.3,2.1,9.1,18.5,,,
2015-2016,All,50-59,All,High Total Cholesterol,20.7,1.4,17.8,23.9,,,
2015-2016,All,60-69,All,High Total Cholesterol,14.2,1.5,11.0,17.9,,,
2015-2016,All,70 and over,All,High Total Cholesterol,10.5,1.4,7.6,13.9,,,
2015-2016,Male,20-29,All,High Total Cholesterol,5.1,1.0,3.1,7.7,,,
2015-2016,Male,30-39,All,High Total Cholesterol,13.4,1.8,9.8,17.7,,,
2015-2016,Male,40-49,All,High Total Cholesterol,15.8,3.1,9.7,23.7,,,
2015-2016,Male,50-59,All,High Total Cholesterol,17.2,1.4,13.7,21.2,,,
2015-2016,Male,60-69,All,High Total Cholesterol,9.4,2.5,4.8,16.3,,,
2015-2016,Male,70 and over,All,High Total Cholesterol,3.6,0.9,1.9,6.1,,,
2015-2016,Female,20-29,All,High Total Cholesterol,5.2,1.1,3.0,8.2,,,
2015-2016,Female,30-39,All,High Total Cholesterol,8.2,2.4,3.8,15.1,Estimate does not meet National Center for Health Statistics standards of reliability,,
2015-2016,Female,40-49,All,High Total Cholesterol,11.0,1.7,7.5,15.3,,,
2015-2016,Female,50-59,All,High Total Cholesterol,24.1,2.0,19.8,28.8,,,
2015-2016,Female,60-69,All,High Total Cholesterol,18.5,3.0,12.6,25.8,,,
2015-2016,Female,70 and over,All,High Total Cholesterol,15.6,2.2,11.2,21.1,,,
2015-2016,All,20 and over,Non-Hispanic White,High Total Cholesterol,13.3,3.1,11.2,15.7,,,
2015-2016,All,20 and over,Non-Hispanic Black,High Total Cholesterol,10.5,3.6,8.0,13.4,,,
2015-2016,All,20 and over,Non-Hispanic Asian,High Total Cholesterol,10.8,1.3,8.1,14.0,,,
2015-2016,All,20 and over,Hispanic,High Total Cholesterol,10.9,1.8,9.1,12.9,,,
2015-2016,All,20 and over,Mexican American,High Total Cholesterol,11.5,1.2,9.1,14.3,,,
2017-2018,All,20 and over,All,High Total Cholesterol,10.5,0.8,8.9,12.4,,,
2017-2018,Male,20 and over,All,High Total Cholesterol,9.5,1.1,7.1,12.2,,,
2017-2018,Female,20 and over,All,High Total Cholesterol,11.6,1.1,9.3,14.1,,,
2017-2018,All,20-29,All,High Total Cholesterol,6.5,1.1,4.4,9.3,,,
2017-2018,All,30-39,All,High Total Cholesterol,7.8,1.4,5.1,11.4,,,
2017-2018,All,40-49,All,High Total Cholesterol,8.5,1.8,5.1,13.3,,,
2017-2018,All,50-59,All,High Total Cholesterol,19.0,2.1,14.8,23.9,,,
2017-2018,All,60-69,All,High Total Cholesterol,11.0,1.7,7.6,15.3,,,
2017-2018,All,70 and over,All,High Total Cholesterol,9.5,1.0,7.5,12.0,,,
2017-2018,Male,20-29,All,High Total Cholesterol,8.9,2.4,4.4,15.5,,,
2017-2018,Male,30-39,All,High Total Cholesterol,11.1,2.2,6.8,16.9,,,
2017-2018,Male,40-49,All,High Total Cholesterol,9.7,2.5,5.0,16.5,,,
2017-2018,Male,50-59,All,High Total Cholesterol,14.6,3.5,8.0,23.8,,,
2017-2018,Male,60-69,All,High Total Cholesterol,5.4,1.3,3.1,8.8,,,
2017-2018,Male,70 and over,All,High Total Cholesterol,4.7,1.5,2.0,8.9,,,
2017-2018,Female,20-29,All,High Total Cholesterol,4.2,1.0,2.3,7.0,,,
2017-2018,Female,30-39,All,High Total Cholesterol,4.6,1.2,2.5,7.8,,,
2017-2018,Female,40-49,All,High Total Cholesterol,7.5,1.8,4.1,12.2,,,
2017-2018,Female,50-59,All,High Total Cholesterol,23.2,3.3,16.5,31.2,,,
2017-2018,Female,60-69,All,High Total Cholesterol,16.0,2.9,10.2,23.4,,,
2017-2018,Female,70 and over,All,High Total Cholesterol,13.2,1.5,10.2,16.8,,,
2017-2018,All,20 and over,Non-Hispanic White,High Total Cholesterol,10.5,2.9,8.5,12.8,,,
2017-2018,All,20 and over,Non-Hispanic Black,High Total Cholesterol,9.4,4.0,6.7,12.7,,,
2017-2018,All,20 and over,Non-Hispanic Asian,High Total Cholesterol,12.2,1.7,8.8,16.3,,,
2017-2018,All,20 and over,Hispanic,High Total Cholesterol,10.4,3.0,7.4,14.1,,,
2017-2018,All,20 and over,Mexican American,High Total Cholesterol,12.0,1.9,8.1,17.0,,,
1999-2000,All,20 and over,All,Hypertension,47.2,1.5,44.0,50.4,,,
1999-2000,Male,20 and over,All,Hypertension,51.0,1.8,47.0,54.9,,,
1999-2000,Female,20 and over,All,Hypertension,43.5,1.9,39.3,47.8,,,
1999-2000,All,20-29,All,Hypertension,18.9,1.9,15.1,23.3,,,
1999-2000,All,30-39,All,Hypertension,30.5,2.9,24.4,37.1,,,
1999-2000,All,40-49,All,Hypertension,47.2,2.6,41.5,53.0,,,
1999-2000,All,50-59,All,Hypertension,62.2,2.4,56.9,67.3,,,
1999-2000,All,60-69,All,Hypertension,75.7,3.5,67.3,82.8,,,
1999-2000,All,70 and over,All,Hypertension,83.6,1.7,79.6,87.1,,,
1999-2000,Male,20-29,All,Hypertension,26.0,3.0,19.7,33.1,,,
1999-2000,Male,30-39,All,Hypertension,39.2,3.2,32.4,46.4,,,
1999-2000,Male,40-49,All,Hypertension,54.8,3.0,48.2,61.2,,,
1999-2000,Male,50-59,All,Hypertension,62.5,3.2,55.2,69.4,,,
1999-2000,Male,60-69,All,Hypertension,78.7,4.0,68.6,86.7,,,
1999-2000,Male,70 and over,All,Hypertension,79.3,2.3,73.9,84.1,,,
1999-2000,Female,20-29,All,Hypertension,10.9,1.1,7.6,15.0,,,
1999-2000,Female,30-39,All,Hypertension,21.1,3.6,13.9,29.9,,,
1999-2000,Female,40-49,All,Hypertension,40.3,4.0,31.7,49.5,,,
1999-2000,Female,50-59,All,Hypertension,61.9,3.6,53.7,69.6,,,
1999-2000,Female,60-69,All,Hypertension,72.8,4.0,63.2,81.0,,,
1999-2000,Female,70 and over,All,Hypertension,86.6,2.0,81.6,90.7,,,
1999-2000,All,20 and over,Non-Hispanic White,Hypertension,47.7,1.9,43.5,52.0,,,
1999-2000,All,20 and over,Non-Hispanic Black,Hypertension,55.3,2.2,50.4,60.1,,,
1999-2000,All,20 and over,Non-Hispanic Asian,Hypertension,,,,,,Data are only available for Non-Hispanic Asian persons from 2011-2012 onward and for Hispanic persons from 2007-2008 onward.,*
1999-2000,All,20 and over,Hispanic,Hypertension,,,,,,Data are only available for Non-Hispanic Asian persons from 2011-2012 onward and for Hispanic persons from 2007-2008 onward.,*
1999-2000,All,20 and over,Mexican American,Hypertension,35.9,1.8,32.1,39.8,,,
2001-2002,All,20 and over,All,Hypertension,46.8,1.4,43.8,49.7,,,
2001-2002,Male,20 and over,All,Hypertension,50.1,2.1,45.5,54.8,,,
2001-2002,Female,20 and over,All,Hypertension,43.5,1.6,40.1,46.9,,,
2001-2002,All,20-29,All,Hypertension,19.6,1.5,16.4,23.1,,,
2001-2002,All,30-39,All,Hypertension,31.4,2.3,26.4,36.6,,,
2001-2002,All,40-49,All,Hypertension,45.2,2.0,40.8,49.6,,,
2001-2002,All,50-59,All,Hypertension,57.9,2.0,53.6,62.1,,,
2001-2002,All,60-69,All,Hypertension,75.5,2.4,70.0,80.6,,,
2001-2002,All,70 and over,All,Hypertension,82.9,1.6,79.1,86.2,,,
2001-2002,Male,20-29,All,Hypertension,30.5,2.2,25.8,35.5,,,
2001-2002,Male,30-39,All,Hypertension,41.4,3.1,34.7,48.4,,,
2001-2002,Male,40-49,All,Hypertension,50.3,3.7,42.2,58.5,,,
2001-2002,Male,50-59,All,Hypertension,55.8,3.3,48.6,62.8,,,
2001-2002,Male,60-69,All,Hypertension,75.1,2.9,68.4,81.0,,,
2001-2002,Male,70 and over,All,Hypertension,76.4,2.2,71.4,81.0,,,
2001-2002,Female,20-29,All,Hypertension,8.4,2.3,4.2,14.7,,,
2001-2002,Female,30-39,All,Hypertension,21.1,2.6,15.8,27.2,,,
2001-2002,Female,40-49,All,Hypertension,39.7,2.7,34.0,45.7,,,
2001-2002,Female,50-59,All,Hypertension,59.9,4.0,51.0,68.4,,,
2001-2002,Female,60-69,All,Hypertension,75.9,3.3,68.1,82.7,,,
2001-2002,Female,70 and over,All,Hypertension,87.5,1.8,83.0,91.2,,,
2001-2002,All,20 and over,Non-Hispanic White,Hypertension,47.0,1.6,43.7,50.4,,,
2001-2002,All,20 and over,Non-Hispanic Black,Hypertension,57.5,1.9,53.2,61.7,,,
2001-2002,All,20 and over,Non-Hispanic Asian,Hypertension,,,,,,Data are only available for Non-Hispanic Asian persons from 2011-2012 onward and for Hispanic persons from 2007-2008 onward.,*
2001-2002,All,20 and over,Hispanic,Hypertension,,,,,,Data are only available for Non-Hispanic Asian persons from 2011-2012 onward and for Hispanic persons from 2007-2008 onward.,*
2001-2002,All,20 and over,Mexican American,Hypertension,30.4,2.2,25.5,35.5,,,
2003-2004,All,20 and over,All,Hypertension,46.8,1.5,43.5,50.0,,,
2003-2004,Male,20 and over,All,Hypertension,49.9,1.9,45.9,53.9,,,
2003-2004,Female,20 and over,All,Hypertension,43.7,1.5,40.5,46.9,,,
2003-2004,All,20-29,All,Hypertension,15.5,1.6,12.4,19.2,,,
2003-2004,All,30-39,All,Hypertension,26.4,2.1,22.1,31.0,,,
2003-2004,All,40-49,All,Hypertension,48.5,2.7,42.6,54.5,,,
2003-2004,All,50-59,All,Hypertension,59.7,3.8,51.1,67.8,,,
2003-2004,All,60-69,All,Hypertension,74.5,1.9,70.1,78.5,,,
2003-2004,All,70 and over,All,Hypertension,81.8,1.8,77.7,85.4,,,
2003-2004,Male,20-29,All,Hypertension,21.9,2.8,16.0,28.6,,,
2003-2004,Male,30-39,All,Hypertension,35.5,2.7,29.7,41.6,,,
2003-2004,Male,40-49,All,Hypertension,52.9,3.1,46.1,59.5,,,
2003-2004,Male,50-59,All,Hypertension,63.5,5.0,52.0,74.0,,,
2003-2004,Male,60-69,All,Hypertension,77.4,2.9,70.4,83.4,,,
2003-2004,Male,70 and over,All,Hypertension,76.3,2.5,70.5,81.5,,,
2003-2004,Female,20-29,All,Hypertension,8.4,1.6,5.3,12.5,,,
2003-2004,Female,30-39,All,Hypertension,16.8,2.2,12.3,22.2,,,
2003-2004,Female,40-49,All,Hypertension,44.2,3.2,37.3,51.3,,,
2003-2004,Female,50-59,All,Hypertension,55.9,4.3,46.2,65.2,,,
2003-2004,Female,60-69,All,Hypertension,71.9,1.7,67.0,76.5,,,
2003-2004,Female,70 and over,All,Hypertension,85.8,2.4,79.7,90.6,,,
2003-2004,All,20 and over,Non-Hispanic White,Hypertension,47.6,1.8,43.7,51.4,,,
2003-2004,All,20 and over,Non-Hispanic Black,Hypertension,53.3,2.5,47.7,58.8,,,
2003-2004,All,20 and over,Non-Hispanic Asian,Hypertension,,,,,,Data are only available for Non-Hispanic Asian persons from 2011-2012 onward and for Hispanic persons from 2007-2008 onward.,*
2003-2004,All,20 and over,Hispanic,Hypertension,,,,,,Data are only available for Non-Hispanic Asian persons from 2011-2012 onward and for Hispanic persons from 2007-2008 onward.,*
2003-2004,All,20 and over,Mexican American,Hypertension,33.7,3.7,25.8,42.3,,,
2005-2006,All,20 and over,All,Hypertension,46.1,0.8,44.4,47.8,,,
2005-2006,Male,20 and over,All,Hypertension,48.8,1.1,46.4,51.2,,,
2005-2006,Female,20 and over,All,Hypertension,43.5,1.2,40.9,46.1,,,
2005-2006,All,20-29,All,Hypertension,13.8,1.7,10.5,17.8,,,
2005-2006,All,30-39,All,Hypertension,25.1,2.3,20.2,30.5,,,
2005-2006,All,40-49,All,Hypertension,45.6,2.0,41.3,49.9,,,
2005-2006,All,50-59,All,Hypertension,61.2,3.1,54.4,67.8,,,
2005-2006,All,60-69,All,Hypertension,73.1,3.0,66.0,79.4,,,
2005-2006,All,70 and over,All,Hypertension,78.8,1.5,75.4,81.9,,,
2005-2006,Male,20-29,All,Hypertension,21.7,2.8,16.1,28.3,,,
2005-2006,Male,30-39,All,Hypertension,37.8,3.4,30.6,45.3,,,
2005-2006,Male,40-49,All,Hypertension,49.2,2.4,43.9,54.5,,,
2005-2006,Male,50-59,All,Hypertension,58.9,4.1,49.6,67.7,,,
2005-2006,Male,60-69,All,Hypertension,75.7,3.4,67.7,82.6,,,
2005-2006,Male,70 and over,All,Hypertension,74.4,2.2,69.4,78.9,,,
2005-2006,Female,20-29,All,Hypertension,4.3,0.9,2.4,6.9,,,
2005-2006,Female,30-39,All,Hypertension,12.0,2.4,7.4,18.2,,,
2005-2006,Female,40-49,All,Hypertension,42.0,3.3,34.9,49.4,,,
2005-2006,Female,50-59,All,Hypertension,63.4,3.5,55.5,70.8,,,
2005-2006,Female,60-69,All,Hypertension,70.7,3.7,62.1,78.3,,,
2005-2006,Female,70 and over,All,Hypertension,81.9,2.2,76.6,86.5,,,
2005-2006,All,20 and over,Non-Hispanic White,Hypertension,48.0,1.1,45.7,50.3,,,
2005-2006,All,20 and over,Non-Hispanic Black,Hypertension,53.7,1.4,50.4,56.8,,,
2005-2006,All,20 and over,Non-Hispanic Asian,Hypertension,,,,,,Data are only available for Non-Hispanic Asian persons from 2011-2012 onward and for Hispanic persons from 2007-2008 onward.,*
2005-2006,All,20 and over,Hispanic,Hypertension,,,,,,Data are only available for Non-Hispanic Asian persons from 2011-2012 onward and for Hispanic persons from 2007-2008 onward.,*
2005-2006,All,20 and over,Mexican American,Hypertension,30.7,1.9,26.7,34.9,,,
2007-2008,All,20 and over,All,Hypertension,45.7,1.1,43.4,48.1,,,
2007-2008,Male,20 and over,All,Hypertension,48.3,1.4,45.4,51.3,,,
2007-2008,Female,20 and over,All,Hypertension,43.3,1.4,40.4,46.3,,,
2007-2008,All,20-29,All,Hypertension,14.1,1.3,11.5,17.0,,,
2007-2008,All,30-39,All,Hypertension,26.9,2.5,21.8,32.6,,,
2007-2008,All,40-49,All,Hypertension,43.7,2.0,39.4,48.0,,,
2007-2008,All,50-59,All,Hypertension,56.5,1.9,52.4,60.6,,,
2007-2008,All,60-69,All,Hypertension,71.9,2.1,67.3,76.2,,,
2007-2008,All,70 and over,All,Hypertension,83.5,1.2,80.9,85.9,,,
2007-2008,Male,20-29,All,Hypertension,19.9,2.6,14.7,25.9,,,
2007-2008,Male,30-39,All,Hypertension,32.0,3.2,25.4,39.3,,,
2007-2008,Male,40-49,All,Hypertension,52.6,3.4,45.0,60.0,,,
2007-2008,Male,50-59,All,Hypertension,60.2,2.7,54.3,65.8,,,
2007-2008,Male,60-69,All,Hypertension,68.8,3.5,60.8,76.0,,,
2007-2008,Male,70 and over,All,Hypertension,79.9,2.1,75.0,84.3,,,
2007-2008,Female,20-29,All,Hypertension,7.9,1.1,5.4,11.1,,,
2007-2008,Female,30-39,All,Hypertension,21.7,2.6,16.3,27.9,,,
2007-2008,Female,40-49,All,Hypertension,35.2,3.4,28.0,43.0,,,
2007-2008,Female,50-59,All,Hypertension,53.1,2.4,47.8,58.4,,,
2007-2008,Female,60-69,All,Hypertension,74.6,2.3,69.4,79.4,,,
2007-2008,Female,70 and over,All,Hypertension,86.0,1.4,82.6,88.9,,,
2007-2008,All,20 and over,Non-Hispanic White,Hypertension,47.5,2.9,44.4,50.6,,,
2007-2008,All,20 and over,Non-Hispanic Black,Hypertension,51.8,5.1,46.3,57.3,,,
2007-2008,All,20 and over,Non-Hispanic Asian,Hypertension,,,,,,Data are only available for Non-Hispanic Asian persons from 2011-2012 onward and for Hispanic persons from 2007-2008 onward.,*
2007-2008,All,20 and over,Hispanic,Hypertension,34.5,1.8,30.8,38.4,,,
2007-2008,All,20 and over,Mexican American,Hypertension,34.4,2.8,28.4,40.7,,,
2009-2010,All,20 and over,All,Hypertension,45.1,1.4,42.0,48.2,,,
2009-2010,Male,20 and over,All,Hypertension,47.4,1.9,43.4,51.5,,,
2009-2010,Female,20 and over,All,Hypertension,42.9,1.5,39.7,46.1,,,
2009-2010,All,20-29,All,Hypertension,13.5,1.3,10.9,16.5,,,
2009-2010,All,30-39,All,Hypertension,29.7,1.7,26.1,33.4,,,
2009-2010,All,40-49,All,Hypertension,38.6,2.2,33.9,43.5,,,
2009-2010,All,50-59,All,Hypertension,55.5,3.6,47.4,63.4,,,
2009-2010,All,60-69,All,Hypertension,69.6,2.0,65.1,73.8,,,
2009-2010,All,70 and over,All,Hypertension,83.4,1.4,80.3,86.2,,,
2009-2010,Male,20-29,All,Hypertension,18.6,1.7,15.1,22.5,,,
2009-2010,Male,30-39,All,Hypertension,38.0,2.0,33.5,42.6,,,
2009-2010,Male,40-49,All,Hypertension,44.2,3.8,36.0,52.6,,,
2009-2010,Male,50-59,All,Hypertension,58.1,4.3,48.4,67.4,,,
2009-2010,Male,60-69,All,Hypertension,69.4,3.2,62.2,76.0,,,
2009-2010,Male,70 and over,All,Hypertension,78.3,2.1,73.6,82.5,,,
2009-2010,Female,20-29,All,Hypertension,8.0,1.2,5.7,11.0,,,
2009-2010,Female,30-39,All,Hypertension,20.9,1.9,17.0,25.3,,,
2009-2010,Female,40-49,All,Hypertension,33.2,2.5,28.0,38.7,,,
2009-2010,Female,50-59,All,Hypertension,53.1,3.7,45.0,61.0,,,
2009-2010,Female,60-69,All,Hypertension,69.7,1.9,65.3,73.9,,,
2009-2010,Female,70 and over,All,Hypertension,87.1,1.5,83.6,90.1,,,
2009-2010,All,20 and over,Non-Hispanic White,Hypertension,45.9,3.4,42.2,49.6,,,
2009-2010,All,20 and over,Non-Hispanic Black,Hypertension,56.4,4.3,51.7,61.1,,,
2009-2010,All,20 and over,Non-Hispanic Asian,Hypertension,,,,,,Data are only available for Non-Hispanic Asian persons from 2011-2012 onward and for Hispanic persons from 2007-2008 onward.,*
2009-2010,All,20 and over,Hispanic,Hypertension,33.8,2.6,28.4,39.5,,,
2009-2010,All,20 and over,Mexican American,Hypertension,34.0,3.2,27.1,41.3,,,
2011-2012,All,20 and over,All,Hypertension,47.4,1.6,44.0,50.8,,,
2011-2012,Male,20 and over,All,Hypertension,50.0,2.0,45.6,54.4,,,
2011-2012,Female,20 and over,All,Hypertension,44.9,1.7,41.2,48.6,,,
2011-2012,All,20-29,All,Hypertension,16.1,1.5,13.1,19.5,,,
2011-2012,All,30-39,All,Hypertension,28.3,2.8,22.5,34.7,,,
2011-2012,All,40-49,All,Hypertension,41.8,1.6,38.5,45.3,,,
2011-2012,All,50-59,All,Hypertension,60.4,2.0,56.1,64.6,,,
2011-2012,All,60-69,All,Hypertension,69.9,2.2,65.1,74.5,,,
2011-2012,All,70 and over,All,Hypertension,82.4,1.9,77.9,86.3,,,
2011-2012,Male,20-29,All,Hypertension,21.6,2.0,17.5,26.1,,,
2011-2012,Male,30-39,All,Hypertension,35.0,3.0,28.7,41.7,,,
2011-2012,Male,40-49,All,Hypertension,43.9,3.3,36.9,51.1,,,
2011-2012,Male,50-59,All,Hypertension,67.2,4.0,58.0,75.5,,,
2011-2012,Male,60-69,All,Hypertension,70.0,3.5,61.9,77.2,,,
2011-2012,Male,70 and over,All,Hypertension,81.9,2.3,76.6,86.5,,,
2011-2012,Female,20-29,All,Hypertension,10.1,2.6,5.3,17.1,,,
2011-2012,Female,30-39,All,Hypertension,21.3,3.1,15.1,28.6,,,
2011-2012,Female,40-49,All,Hypertension,39.8,2.5,34.5,45.3,,,
2011-2012,Female,50-59,All,Hypertension,54.0,4.7,43.6,64.1,,,
2011-2012,Female,60-69,All,Hypertension,69.9,3.8,61.2,77.7,,,
2011-2012,Female,70 and over,All,Hypertension,82.6,2.8,75.9,88.2,,,
2011-2012,All,20 and over,Non-Hispanic White,Hypertension,49.2,6.0,44.9,53.5,,,
2011-2012,All,20 and over,Non-Hispanic Black,Hypertension,56.7,5.7,52.6,60.8,,,
2011-2012,All,20 and over,Non-Hispanic Asian,Hypertension,37.2,2.8,31.2,43.4,,,
2011-2012,All,20 and over,Hispanic,Hypertension,35.6,4.6,30.8,40.7,,,
2011-2012,All,20 and over,Mexican American,Hypertension,33.8,2.5,28.6,39.4,,,
2013-2014,All,20 and over,All,Hypertension,45.4,0.9,43.4,47.4,,,
2013-2014,Male,20 and over,All,Hypertension,47.7,1.4,44.8,50.6,,,
2013-2014,Female,20 and over,All,Hypertension,43.2,1.4,40.3,46.1,,,
2013-2014,All,20-29,All,Hypertension,13.0,1.1,10.8,15.5,,,
2013-2014,All,30-39,All,Hypertension,24.8,1.7,21.2,28.8,,,
2013-2014,All,40-49,All,Hypertension,40.3,2.1,35.8,44.8,,,
2013-2014,All,50-59,All,Hypertension,56.8,2.1,52.2,61.4,,,
2013-2014,All,60-69,All,Hypertension,73.0,2.2,68.1,77.6,,,
2013-2014,All,70 and over,All,Hypertension,79.8,1.5,76.4,83.0,,,
2013-2014,Male,20-29,All,Hypertension,19.0,2.3,14.4,24.4,,,
2013-2014,Male,30-39,All,Hypertension,30.7,3.1,24.1,37.8,,,
2013-2014,Male,40-49,All,Hypertension,44.4,2.7,38.6,50.3,,,
2013-2014,Male,50-59,All,Hypertension,59.4,2.2,54.5,64.2,,,
2013-2014,Male,60-69,All,Hypertension,74.7,3.0,67.8,80.9,,,
2013-2014,Male,70 and over,All,Hypertension,76.2,2.1,71.3,80.7,,,
2013-2014,Female,20-29,All,Hypertension,6.5,1.2,4.2,9.5,,,
2013-2014,Female,30-39,All,Hypertension,19.0,1.9,15.0,23.5,,,
2013-2014,Female,40-49,All,Hypertension,36.5,2.3,31.6,41.7,,,
2013-2014,Female,50-59,All,Hypertension,54.3,3.8,46.0,62.4,,,
2013-2014,Female,60-69,All,Hypertension,71.5,3.2,64.1,78.1,,,
2013-2014,Female,70 and over,All,Hypertension,82.7,1.9,78.3,86.4,,,
2013-2014,All,20 and over,Non-Hispanic White,Hypertension,46.8,4.3,43.7,49.9,,,
2013-2014,All,20 and over,Non-Hispanic Black,Hypertension,55.9,3.9,52.9,58.9,,,
2013-2014,All,20 and over,Non-Hispanic Asian,Hypertension,36.3,2.4,31.1,41.8,,,
2013-2014,All,20 and over,Hispanic,Hypertension,34.9,3.1,31.6,38.3,,,
2013-2014,All,20 and over,Mexican American,Hypertension,36.2,2.0,31.8,40.8,,,
2015-2016,All,20 and over,All,Hypertension,47.4,1.0,45.2,49.7,,,
2015-2016,Male,20 and over,All,Hypertension,49.7,1.5,46.3,53.0,,,
2015-2016,Female,20 and over,All,Hypertension,45.3,1.1,42.9,47.8,,,
2015-2016,All,20-29,All,Hypertension,16.7,1.8,13.0,20.9,,,
2015-2016,All,30-39,All,Hypertension,27.7,2.2,23.1,32.7,,,
2015-2016,All,40-49,All,Hypertension,44.8,2.8,38.7,51.1,,,
2015-2016,All,50-59,All,Hypertension,58.8,2.6,53.0,64.4,,,
2015-2016,All,60-69,All,Hypertension,68.6,3.5,60.6,75.8,,,
2015-2016,All,70 and over,All,Hypertension,77.5,2.3,72.2,82.3,,,
2015-2016,Male,20-29,All,Hypertension,22.1,2.1,17.8,27.0,,,
2015-2016,Male,30-39,All,Hypertension,37.1,3.0,30.8,43.7,,,
2015-2016,Male,40-49,All,Hypertension,51.9,3.9,43.3,60.5,,,
2015-2016,Male,50-59,All,Hypertension,60.8,4.2,51.3,69.6,,,
2015-2016,Male,60-69,All,Hypertension,67.4,4.0,58.1,75.8,,,
2015-2016,Male,70 and over,All,Hypertension,70.4,3.7,61.8,78.1,,,
2015-2016,Female,20-29,All,Hypertension,10.5,2.1,6.6,15.8,,,
2015-2016,Female,30-39,All,Hypertension,18.1,2.4,13.2,23.7,,,
2015-2016,Female,40-49,All,Hypertension,38.0,3.3,31.0,45.4,,,
2015-2016,Female,50-59,All,Hypertension,56.8,3.0,50.3,63.2,,,
2015-2016,Female,60-69,All,Hypertension,69.6,3.8,60.7,77.5,,,
2015-2016,Female,70 and over,All,Hypertension,82.8,2.3,77.2,87.5,,,
2015-2016,All,20 and over,Non-Hispanic White,Hypertension,48.2,3.9,45.4,51.0,,,
2015-2016,All,20 and over,Non-Hispanic Black,Hypertension,55.6,3.9,52.6,58.6,,,
2015-2016,All,20 and over,Non-Hispanic Asian,Hypertension,43.5,2.9,37.3,49.8,,,
2015-2016,All,20 and over,Hispanic,Hypertension,39.9,3.3,36.3,43.6,,,
2015-2016,All,20 and over,Mexican American,Hypertension,38.6,3.0,32.1,45.4,,,
2017-2018,All,20 and over,All,Hypertension,49.7,1.3,46.9,52.5,,,
2017-2018,Male,20 and over,All,Hypertension,54.2,1.6,50.8,57.6,,,
2017-2018,Female,20 and over,All,Hypertension,45.4,1.7,41.8,49.1,,,
2017-2018,All,20-29,All,Hypertension,14.7,1.3,12.0,17.7,,,
2017-2018,All,30-39,All,Hypertension,34.1,2.6,28.6,39.8,,,
2017-2018,All,40-49,All,Hypertension,45.0,3.3,37.8,52.4,,,
2017-2018,All,50-59,All,Hypertension,62.5,3.3,55.2,69.5,,,
2017-2018,All,60-69,All,Hypertension,68.8,2.3,63.7,73.7,,,
2017-2018,All,70 and over,All,Hypertension,81.0,1.9,76.7,84.8,,,
2017-2018,Male,20-29,All,Hypertension,21.0,1.8,16.9,25.6,,,
2017-2018,Male,30-39,All,Hypertension,46.8,3.7,38.8,55.0,,,
2017-2018,Male,40-49,All,Hypertension,54.3,3.9,45.5,62.8,,,
2017-2018,Male,50-59,All,Hypertension,63.8,5.0,52.1,74.5,,,
2017-2018,Male,60-69,All,Hypertension,73.2,4.6,62.0,82.6,,,
2017-2018,Male,70 and over,All,Hypertension,77.7,2.8,71.1,83.4,,,
2017-2018,Female,20-29,All,Hypertension,7.8,1.7,4.6,12.1,,,
2017-2018,Female,30-39,All,Hypertension,20.6,2.6,15.2,26.9,,,
2017-2018,Female,40-49,All,Hypertension,35.9,4.3,26.8,45.8,,,
2017-2018,Female,50-59,All,Hypertension,61.3,3.3,53.9,68.4,,,
2017-2018,Female,60-69,All,Hypertension,64.8,3.9,55.9,73.1,,,
2017-2018,Female,70 and over,All,Hypertension,83.6,2.1,78.6,87.9,,,
2017-2018,All,20 and over,Non-Hispanic White,Hypertension,50.1,6.0,45.8,54.4,,,
2017-2018,All,20 and over,Non-Hispanic Black,Hypertension,58.8,4.4,55.6,61.9,,,
2017-2018,All,20 and over,Non-Hispanic Asian,Hypertension,49.3,1.7,45.6,53.1,,,
2017-2018,All,20 and over,Hispanic,Hypertension,41.9,3.3,38.3,45.4,,,
2017-2018,All,20 and over,Mexican American,Hypertension,41.4,1.8,37.5,45.5,,,
